"DESCRIPTION","DURATION IN MS","NAME","PARENT SUITE","START TIME","STATUS","STOP TIME","SUB SUITE","SUITE","TEST CLASS","TEST METHOD"
"","8796","Курсы. Переход из тренажера учителя (авторизованный) в тренажер ученика (не присоединен)","default","Sat Feb 28 16:08:53 UTC 2026","passed","Sat Feb 28 16:09:01 UTC 2026","Tests Course Educonts","","",""
"","0","Учитель: Авторизация по email и коду с почты","default","Sat Feb 28 15:57:52 UTC 2026","skipped","Sat Feb 28 15:57:52 UTC 2026","Tests: All users autorization","","",""
"","11678","Администратор: Авторизация по логину и паролю","default","Sat Feb 28 15:57:58 UTC 2026","passed","Sat Feb 28 15:58:10 UTC 2026","Tests: All users autorization","","",""
"","12455","Добавление ученика из селекта выбора","default","Sat Feb 28 15:59:56 UTC 2026","passed","Sat Feb 28 16:00:08 UTC 2026","Tests Parent Cabinet","","",""
"","17816","Удаление учеников из класса 9 ""A"" школы Educont Тест Коммунар_эдуконт","default","Sat Feb 28 16:05:26 UTC 2026","passed","Sat Feb 28 16:05:44 UTC 2026","Preparations","","",""
"","50211","Задание: Старый учитель. Авторизоваться по почте и паролю","default","Sat Feb 28 16:05:54 UTC 2026","broken","Sat Feb 28 16:06:45 UTC 2026","Tests Tasks Educonts","","",""
"","50149","Вход в аккаунт учителя(тестовый) для Educont","default","Sat Feb 28 16:05:37 UTC 2026","broken","Sat Feb 28 16:06:27 UTC 2026","Tests Tasks Educonts","","",""
"","16210","Категории. Переход из тренажера учителя (не авторизованный) в тренажер ученика (присоединен)","default","Sat Feb 28 16:10:13 UTC 2026","failed","Sat Feb 28 16:10:29 UTC 2026","Tests Category Educonts","","",""
"","6634","Открытие темы курса: 9 класс. Вероятность и статистика","default","Sat Feb 28 16:05:49 UTC 2026","passed","Sat Feb 28 16:05:56 UTC 2026","Tests Tasks Educonts","","",""
"","8832","Категории. Перейти под одним токеном из категории в курс","default","Sat Feb 28 16:15:19 UTC 2026","passed","Sat Feb 28 16:15:28 UTC 2026","Tests Category Educonts- student","","",""
"","16852","Создание учителя-Educont в школе Educont","default","Sat Feb 28 16:05:17 UTC 2026","passed","Sat Feb 28 16:05:34 UTC 2026","Preparations","","",""
"","9877","Добавление ученика со страницы 'Все дети'","default","Sat Feb 28 15:59:58 UTC 2026","passed","Sat Feb 28 16:00:08 UTC 2026","Tests Parent Cabinet","","",""
"","9640","Курс. Сохранение авторизации при удалении токенов из Cookie. Демо","default","Sat Feb 28 16:08:46 UTC 2026","passed","Sat Feb 28 16:08:55 UTC 2026","Tests Course Educonts","","",""
"","9211","Курсы. Переход из тренажера учителя (не авторизованный) в тренажер ученика (не присоединен)","default","Sat Feb 28 16:08:58 UTC 2026","passed","Sat Feb 28 16:09:07 UTC 2026","Tests Course Educonts","","",""
"","9738","Задания. Переход из тренажера ученика (не присоединен) в тренажер учителя (не авторизован)","default","Sat Feb 28 16:14:10 UTC 2026","passed","Sat Feb 28 16:14:19 UTC 2026","Tests Tasks Educonts- student","","",""
"","8637","Категории. Переход из тренажера ученика (не присоединен) в тренажер учителя (не авторизован)","default","Sat Feb 28 16:16:07 UTC 2026","passed","Sat Feb 28 16:16:16 UTC 2026","Tests Category Educonts- student","","",""
"","9492","Выбор фильтров","default","Sat Feb 28 16:04:44 UTC 2026","passed","Sat Feb 28 16:04:53 UTC 2026","Tests Teacher Catalog Tasks","","",""
"","0","Самостоятельный ученик: Авторизация по ссылке","default","Sat Feb 28 15:57:58 UTC 2026","skipped","Sat Feb 28 15:57:58 UTC 2026","Tests: All users autorization","","",""
"","21996","Родитель: Регистрация по email и коду","default","Sat Feb 28 15:56:49 UTC 2026","passed","Sat Feb 28 15:57:11 UTC 2026","Tests: All users register","","",""
"","17558","Подготовка аккаунтов Учителей к тестам 2","default","Sat Feb 28 15:56:24 UTC 2026","passed","Sat Feb 28 15:56:42 UTC 2026","Preparations","","",""
"","0","Самостоятельный ученик: Авторизация по email и коду с почты","default","Sat Feb 28 15:57:58 UTC 2026","skipped","Sat Feb 28 15:57:58 UTC 2026","Tests: All users autorization","","",""
"","6753","Удаление класса/классов (личный класс)","default","Sat Feb 28 16:04:29 UTC 2026","passed","Sat Feb 28 16:04:36 UTC 2026","Tests Teacher Cabinet","","",""
"","9584","Создание класса из бара ""Создать задание""","default","Sat Feb 28 16:05:08 UTC 2026","passed","Sat Feb 28 16:05:17 UTC 2026","Tests Teacher Catalog Tasks","","",""
"","11814","Задания. Переход из тренажера учителя (не авторизованный) в тренажер ученика (не присоединен)","default","Sat Feb 28 16:07:22 UTC 2026","passed","Sat Feb 28 16:07:34 UTC 2026","Tests Tasks Educonts","","",""
"","8558","Создание класса через селект ""Выбрать класс""","default","Sat Feb 28 16:03:43 UTC 2026","passed","Sat Feb 28 16:03:51 UTC 2026","Tests Teacher Cabinet","","",""
"","22699","Создание проверочной работы для всего класса","default","Sat Feb 28 16:04:41 UTC 2026","passed","Sat Feb 28 16:05:04 UTC 2026","Tests Teacher Cabinet","","",""
"","11668","Курс. Решение задания с типом Задача (код от учителя не введен)","default","Sat Feb 28 16:10:30 UTC 2026","passed","Sat Feb 28 16:10:42 UTC 2026","Tests Course Educonts- student","","",""
"","31332","Родитель: Регистрация по email и ссылке","default","Sat Feb 28 15:57:06 UTC 2026","passed","Sat Feb 28 15:57:37 UTC 2026","Tests: All users register","","",""
"","9444","Задание. Сообщить об ошибке (ученик присоединен по коду)","default","Sat Feb 28 16:13:33 UTC 2026","passed","Sat Feb 28 16:13:42 UTC 2026","Tests Tasks Educonts- student","","",""
"","50250","Категории. Войти в категории по ссылке и ввести код от учителя","default","Sat Feb 28 16:15:25 UTC 2026","broken","Sat Feb 28 16:16:15 UTC 2026","Tests Category Educonts- student","","",""
"","15372","Переход по разделам Хедера","default","Sat Feb 28 16:00:57 UTC 2026","failed","Sat Feb 28 16:01:13 UTC 2026","Tests Parent Catalog Tasks","","",""
"","10474","Родитель: Авторизация по логину и паролю","default","Sat Feb 28 15:57:39 UTC 2026","passed","Sat Feb 28 15:57:49 UTC 2026","Tests: All users autorization","","",""
"","10177","Задание. Войти в тренажер по ссылке (ученик присоединен к классу)","default","Sat Feb 28 16:12:44 UTC 2026","failed","Sat Feb 28 16:12:54 UTC 2026","Tests Tasks Educonts- student","","",""
"","6459","Категории. Выполнить поиск по подтемам (ученик не присоединен)","default","Sat Feb 28 16:15:31 UTC 2026","passed","Sat Feb 28 16:15:37 UTC 2026","Tests Category Educonts- student","","",""
"","13530","Категории. Сохранение авторизации при удалении токенов из Cookie","default","Sat Feb 28 16:15:53 UTC 2026","failed","Sat Feb 28 16:16:06 UTC 2026","Tests Category Educonts- student","","",""
"","21290","Создание домашней работы для всего класса","default","Sat Feb 28 16:04:36 UTC 2026","passed","Sat Feb 28 16:04:58 UTC 2026","Tests Teacher Cabinet","","",""
"","7582","Курсы. Переход из тренажера ученика (не присоединен) в тренажер учителя (не авторизован)","default","Sat Feb 28 16:12:09 UTC 2026","passed","Sat Feb 28 16:12:16 UTC 2026","Tests Course Educonts- student","","",""
"","13005","Открытие раннера из предмета","default","Sat Feb 28 16:02:07 UTC 2026","passed","Sat Feb 28 16:02:20 UTC 2026","Tests Indep Student Catalog Tasks","","",""
"","24987","Подготовка аккаунтов Учителей к тестам","default","Sat Feb 28 15:56:24 UTC 2026","passed","Sat Feb 28 15:56:49 UTC 2026","Preparations","","",""
"","7752","Курс. Переход по разделам и модулям курса (код от учителя не введен)","default","Sat Feb 28 16:10:49 UTC 2026","passed","Sat Feb 28 16:10:56 UTC 2026","Tests Course Educonts- student","","",""
"","19532","Покупка годового пакета со счёта кошелька","default","Sat Feb 28 16:01:20 UTC 2026","failed","Sat Feb 28 16:01:39 UTC 2026","Tests Parent Shop Page","","",""
"","0","Учитель: Авторизация по ссылке","default","Sat Feb 28 15:59:04 UTC 2026","skipped","Sat Feb 28 15:59:04 UTC 2026","Tests: Landing autorization","","",""
"","50145","Курс. Новый учитель. Авторизоваться по данным эдуконт(логин/пароль). Демо","default","Sat Feb 28 16:07:34 UTC 2026","broken","Sat Feb 28 16:08:24 UTC 2026","Tests Course Educonts","","",""
"","0","Родитель: Авторизация по email и коду с почты","default","Sat Feb 28 15:57:41 UTC 2026","skipped","Sat Feb 28 15:57:41 UTC 2026","Tests: All users autorization","","",""
"","9164","Учитель: Авторизация по логину и паролю","default","Sat Feb 28 15:57:49 UTC 2026","passed","Sat Feb 28 15:57:58 UTC 2026","Tests: All users autorization","","",""
"","50643","Курс. Решить неверно задание с типом Вопрос (введен код от учителя)","default","Sat Feb 28 16:11:17 UTC 2026","broken","Sat Feb 28 16:12:07 UTC 2026","Tests Course Educonts- student","","",""
"","7837","Удаление ученика/учеников","default","Sat Feb 28 16:00:08 UTC 2026","passed","Sat Feb 28 16:00:16 UTC 2026","Tests Parent Cabinet","","",""
"","13866","Категория. Онбординг-учитель не авторизован. Демо","default","Sat Feb 28 16:09:07 UTC 2026","passed","Sat Feb 28 16:09:21 UTC 2026","Tests Category Educonts","","",""
"","8663","Задание. Использовать черновик (ученик не присоединен по коду)","default","Sat Feb 28 16:13:15 UTC 2026","passed","Sat Feb 28 16:13:24 UTC 2026","Tests Tasks Educonts- student","","",""
"","6880","Добавление учеников в пустой класс","default","Sat Feb 28 16:03:36 UTC 2026","passed","Sat Feb 28 16:03:43 UTC 2026","Tests Teacher Cabinet","","",""
"","13825","Курсы. Переход из тренажера учителя (авторизованный) в тренажер ученика (присоединен)","default","Sat Feb 28 16:08:55 UTC 2026","failed","Sat Feb 28 16:09:09 UTC 2026","Tests Course Educonts","","",""
"","13841","Задание: Баннер перехода в курс программирования, авторизованным учителем","default","Sat Feb 28 16:07:03 UTC 2026","passed","Sat Feb 28 16:07:17 UTC 2026","Tests Tasks Educonts","","",""
"","9690","Задание. Управление учениками","default","Sat Feb 28 16:06:48 UTC 2026","passed","Sat Feb 28 16:06:58 UTC 2026","Tests Tasks Educonts","","",""
"","14682","Покупка заданий по карте","default","Sat Feb 28 16:02:44 UTC 2026","failed","Sat Feb 28 16:02:58 UTC 2026","Tests Indep Student Shop Page","","",""
"","50278","Категории. Пройти опрос, а затем присоединиться к классу","default","Sat Feb 28 16:15:39 UTC 2026","broken","Sat Feb 28 16:16:29 UTC 2026","Tests Category Educonts- student","","",""
"","14765","Задание. Пройти опрос (ученик не присоединен по коду)","default","Sat Feb 28 16:13:12 UTC 2026","passed","Sat Feb 28 16:13:27 UTC 2026","Tests Tasks Educonts- student","","",""
"","8270","Задания. Переход из тренажера ученика (не присоединен) в тренажер учителя (авторизован)","default","Sat Feb 28 16:14:20 UTC 2026","passed","Sat Feb 28 16:14:28 UTC 2026","Tests Tasks Educonts- student","","",""
"","10396","Выбор фильтров","default","Sat Feb 28 16:00:16 UTC 2026","passed","Sat Feb 28 16:00:26 UTC 2026","Tests Parent Catalog Tasks","","",""
"","5104","Категория. Открытие категории не авторизованным учителем","default","Sat Feb 28 16:09:10 UTC 2026","passed","Sat Feb 28 16:09:15 UTC 2026","Tests Category Educonts","","",""
"","8047","Курс. Управление учениками","default","Sat Feb 28 16:08:37 UTC 2026","passed","Sat Feb 28 16:08:45 UTC 2026","Tests Course Educonts","","",""
"","7928","Категория. Перейти в ""Управление учениками""","default","Sat Feb 28 16:09:26 UTC 2026","passed","Sat Feb 28 16:09:34 UTC 2026","Tests Category Educonts","","",""
"","11338","Редактирование имени ученика","default","Sat Feb 28 15:59:58 UTC 2026","passed","Sat Feb 28 16:00:10 UTC 2026","Tests Parent Cabinet","","",""
"","16222","Переход из каталога родителя в раннер ученика","default","Sat Feb 28 16:00:40 UTC 2026","passed","Sat Feb 28 16:00:56 UTC 2026","Tests Parent Catalog Tasks","","",""
"","50205","Задание. Пройти опрос (ученик присоединен по коду)","default","Sat Feb 28 16:13:01 UTC 2026","broken","Sat Feb 28 16:13:51 UTC 2026","Tests Tasks Educonts- student","","",""
"","39350","Поиск заданий","default","Sat Feb 28 16:00:19 UTC 2026","passed","Sat Feb 28 16:00:58 UTC 2026","Tests Parent Catalog Tasks","","",""
"","16667","Задания. Переход из тренажера учителя (не авторизованный) в тренажер ученика (присоединен)","default","Sat Feb 28 16:07:28 UTC 2026","failed","Sat Feb 28 16:07:45 UTC 2026","Tests Tasks Educonts","","",""
"","7103","Задание. Использовать подсказку(ученик присоединен по коду)","default","Sat Feb 28 16:13:42 UTC 2026","passed","Sat Feb 28 16:13:49 UTC 2026","Tests Tasks Educonts- student","","",""
"","50275","Курсы. Переход из тренажера ученика (присоединен) в тренажер учителя (не авторизован)","default","Sat Feb 28 16:12:14 UTC 2026","broken","Sat Feb 28 16:13:04 UTC 2026","Tests Course Educonts- student","","",""
"","24268","Курс. Решить неверно задание с типом Задача (введен код от учителя)","default","Sat Feb 28 16:11:28 UTC 2026","passed","Sat Feb 28 16:11:52 UTC 2026","Tests Course Educonts- student","","",""
"","13369","Покупка заданий по карте","default","Sat Feb 28 16:02:17 UTC 2026","passed","Sat Feb 28 16:02:31 UTC 2026","Tests Indep Student Catalog Tasks","","",""
"","17955","Категории. Переход из тренажера учителя (авторизованный) в тренажер ученика (присоединен)","default","Sat Feb 28 16:09:54 UTC 2026","failed","Sat Feb 28 16:10:12 UTC 2026","Tests Category Educonts","","",""
"","50386","Задание. Войти в тренажер по ссылке и ввести код","default","Sat Feb 28 16:13:36 UTC 2026","broken","Sat Feb 28 16:14:27 UTC 2026","Tests Tasks Educonts- student","","",""
"","24628","Курс. Посмотреть статистику по курсу (введен код от учителя)","default","Sat Feb 28 16:11:48 UTC 2026","failed","Sat Feb 28 16:12:13 UTC 2026","Tests Course Educonts- student","","",""
"","0","Учитель: Авторизация по ссылке","default","Sat Feb 28 15:57:58 UTC 2026","skipped","Sat Feb 28 15:57:58 UTC 2026","Tests: All users autorization","","",""
"","14251","Поиск заданий","default","Sat Feb 28 16:01:51 UTC 2026","passed","Sat Feb 28 16:02:05 UTC 2026","Tests Indep Student Catalog Tasks","","",""
"","12517","Самостоятельный ученик: Авторизация по логину и паролю","default","Sat Feb 28 15:57:53 UTC 2026","passed","Sat Feb 28 15:58:05 UTC 2026","Tests: All users autorization","","",""
"","15634","Задание: Баннер перехода в курс программирования, не авторизованным учителем. Урок Информатика","default","Sat Feb 28 16:07:05 UTC 2026","passed","Sat Feb 28 16:07:21 UTC 2026","Tests Tasks Educonts","","",""
"","10160","Контент: Авторизация по логину и паролю","default","Sat Feb 28 15:58:05 UTC 2026","passed","Sat Feb 28 15:58:15 UTC 2026","Tests: All users autorization","","",""
"","50121","Самостоятельный ученик: Авторизация по логину и паролю","default","Sat Feb 28 15:59:06 UTC 2026","broken","Sat Feb 28 15:59:56 UTC 2026","Tests: Landing autorization","","",""
"","7945","Задание. Черновик","default","Sat Feb 28 16:06:46 UTC 2026","passed","Sat Feb 28 16:06:54 UTC 2026","Tests Tasks Educonts","","",""
"","0","Родитель: Авторизация по email и коду с почты","default","Sat Feb 28 15:58:15 UTC 2026","skipped","Sat Feb 28 15:58:15 UTC 2026","Tests: Landing autorization","","",""
"","0","Самостоятельный ученик: Авторизация по email и коду с почты","default","Sat Feb 28 15:59:52 UTC 2026","skipped","Sat Feb 28 15:59:52 UTC 2026","Tests: Landing autorization","","",""
"","14511","Поиск заданий с фильтрами","default","Sat Feb 28 16:00:25 UTC 2026","passed","Sat Feb 28 16:00:40 UTC 2026","Tests Parent Catalog Tasks","","",""
"","50099","Учитель: Авторизация по логину и паролю","default","Sat Feb 28 15:59:01 UTC 2026","broken","Sat Feb 28 15:59:51 UTC 2026","Tests: Landing autorization","","",""
"","29814","Самостоятельный ученик: Регистрация по email и ссылке","default","Sat Feb 28 15:57:11 UTC 2026","passed","Sat Feb 28 15:57:41 UTC 2026","Tests: All users register","","",""
"","7434","Задание: Использование подсказок в задании (раннер)","default","Sat Feb 28 16:06:58 UTC 2026","passed","Sat Feb 28 16:07:05 UTC 2026","Tests Tasks Educonts","","",""
"","15563","Задания. Переход из тренажера учителя (авторизованный) в тренажер ученика (присоединен)","default","Sat Feb 28 16:07:21 UTC 2026","failed","Sat Feb 28 16:07:37 UTC 2026","Tests Tasks Educonts","","",""
"","8778","Покупка годового пакета по карте","default","Sat Feb 28 16:02:40 UTC 2026","failed","Sat Feb 28 16:02:49 UTC 2026","Tests Indep Student Shop Page","","",""
"","28645","Учитель: Регистрация по email и ссылке","default","Sat Feb 28 15:56:42 UTC 2026","passed","Sat Feb 28 15:57:10 UTC 2026","Tests: All users register","","",""
"","11749","Самостоятельный ученик: Авторизация по email и паролю","default","Sat Feb 28 15:57:52 UTC 2026","passed","Sat Feb 28 15:58:04 UTC 2026","Tests: All users autorization","","",""
"","50295","Задание: Новый учитель. Авторизоваться по данным эдуконт(логин/пароль)","default","Sat Feb 28 16:05:56 UTC 2026","broken","Sat Feb 28 16:06:46 UTC 2026","Tests Tasks Educonts","","",""
"","5923","Задание. Узнать информацию об уроке(ученик присоединен по коду)","default","Sat Feb 28 16:12:55 UTC 2026","passed","Sat Feb 28 16:13:01 UTC 2026","Tests Tasks Educonts- student","","",""
"","19215","Переход по разделам Хедера","default","Sat Feb 28 16:02:20 UTC 2026","failed","Sat Feb 28 16:02:39 UTC 2026","Tests Indep Student Catalog Tasks","","",""
"","11382","Категории. Войти в тренажер по ссылке (ученик присоединен к классу)","default","Sat Feb 28 16:15:03 UTC 2026","failed","Sat Feb 28 16:15:15 UTC 2026","Tests Category Educonts- student","","",""
"","7800","Создание класса ""Ученики и расписание"" клик ""Новый класс""","default","Sat Feb 28 16:04:04 UTC 2026","passed","Sat Feb 28 16:04:12 UTC 2026","Tests Teacher Cabinet","","",""
"","8390","Создание класса в ""Чат с учениками""","default","Sat Feb 28 16:04:12 UTC 2026","passed","Sat Feb 28 16:04:20 UTC 2026","Tests Teacher Cabinet","","",""
"","14727","Родитель: Авторизация по email и паролю","default","Sat Feb 28 15:57:38 UTC 2026","passed","Sat Feb 28 15:57:52 UTC 2026","Tests: All users autorization","","",""
"","14776","Задание. Сохранение авторизации при удалении токенов из Cookie","default","Sat Feb 28 16:13:56 UTC 2026","failed","Sat Feb 28 16:14:11 UTC 2026","Tests Tasks Educonts- student","","",""
"","23176","Покупка заданий со счёта кошелька","default","Sat Feb 28 16:00:57 UTC 2026","passed","Sat Feb 28 16:01:20 UTC 2026","Tests Parent Catalog Tasks","","",""
"","50170","Курсы. Переход из тренажера ученика (присоединен) в тренажер учителя (авторизован)","default","Sat Feb 28 16:12:24 UTC 2026","broken","Sat Feb 28 16:13:14 UTC 2026","Tests Course Educonts- student","","",""
"","13004","Задание: Сохранение авторизации при удалении токенов из Cookie","default","Sat Feb 28 16:07:09 UTC 2026","passed","Sat Feb 28 16:07:22 UTC 2026","Tests Tasks Educonts","","",""
"","7907","Курс. Теория-Демолинк","default","Sat Feb 28 16:08:25 UTC 2026","passed","Sat Feb 28 16:08:33 UTC 2026","Tests Course Educonts","","",""
"","0","Самостоятельный ученик: Авторизация по ссылке","default","Sat Feb 28 15:59:52 UTC 2026","skipped","Sat Feb 28 15:59:52 UTC 2026","Tests: Landing autorization","","",""
"","15555","Покупка Предмета по карте","default","Sat Feb 28 16:01:09 UTC 2026","failed","Sat Feb 28 16:01:25 UTC 2026","Tests Parent Shop Page","","",""
"","50283","Показать ответ при выполнении задания","default","Sat Feb 28 16:03:23 UTC 2026","broken","Sat Feb 28 16:04:13 UTC 2026","Tests Student(parent) Catalog Tasks","","",""
"","11449","Выбор фильтров","default","Sat Feb 28 16:01:45 UTC 2026","passed","Sat Feb 28 16:01:57 UTC 2026","Tests Indep Student Catalog Tasks","","",""
"","15194","Задание. Смена задания авторизованным учителем","default","Sat Feb 28 16:06:48 UTC 2026","passed","Sat Feb 28 16:07:03 UTC 2026","Tests Tasks Educonts","","",""
"","50162","Курс. Войти как учитель","default","Sat Feb 28 16:07:46 UTC 2026","broken","Sat Feb 28 16:08:36 UTC 2026","Tests Course Educonts","","",""
"","50206","Категории. Переход из тренажера ученика (присоединен) в тренажер учителя (не авторизован)","default","Sat Feb 28 16:16:16 UTC 2026","broken","Sat Feb 28 16:17:06 UTC 2026","Tests Category Educonts- student","","",""
"","16748","Покупка заданий по карте","default","Sat Feb 28 16:01:28 UTC 2026","failed","Sat Feb 28 16:01:44 UTC 2026","Tests Parent Shop Page","","",""
"","11295","Задания. Переход из тренажера учителя (авторизованный) в тренажер ученика (не присоединен)","default","Sat Feb 28 16:07:17 UTC 2026","passed","Sat Feb 28 16:07:28 UTC 2026","Tests Tasks Educonts","","",""
"","9140","Категории. Перейти под одним токеном из категории в урок с заданиями","default","Sat Feb 28 16:15:16 UTC 2026","passed","Sat Feb 28 16:15:25 UTC 2026","Tests Category Educonts- student","","",""
"","9591","Смена ученика в хедере","default","Sat Feb 28 16:00:58 UTC 2026","failed","Sat Feb 28 16:01:08 UTC 2026","Tests Parent Catalog Tasks","","",""
"","16485","Задание. Перейти под одним токеном в разные типы урока (ученик присоединен)","default","Sat Feb 28 16:13:52 UTC 2026","failed","Sat Feb 28 16:14:09 UTC 2026","Tests Tasks Educonts- student","","",""
"","50214","Категории. Переход из тренажера ученика (присоединен) в тренажер учителя (авторизован)","default","Sat Feb 28 16:16:25 UTC 2026","broken","Sat Feb 28 16:17:15 UTC 2026","Tests Category Educonts- student","","",""
"","6451","Задание. Информация об уроке авторизованным пользователем","default","Sat Feb 28 16:06:41 UTC 2026","passed","Sat Feb 28 16:06:48 UTC 2026","Tests Tasks Educonts","","",""
"","11544","Учитель: Авторизация по email и паролю","default","Sat Feb 28 15:57:41 UTC 2026","passed","Sat Feb 28 15:57:53 UTC 2026","Tests: All users autorization","","",""
"","8386","Категории. Переход из тренажера ученика (не присоединен) в тренажер учителя (авторизован)","default","Sat Feb 28 16:16:16 UTC 2026","passed","Sat Feb 28 16:16:25 UTC 2026","Tests Category Educonts- student","","",""
"","10769","Категории. Перейти под одним токеном из урока типа Категория в другие типы уроков Эдуконт","default","Sat Feb 28 16:15:20 UTC 2026","passed","Sat Feb 28 16:15:31 UTC 2026","Tests Category Educonts- student","","",""
"","0","Родитель: Авторизация по ссылке","default","Sat Feb 28 15:57:58 UTC 2026","skipped","Sat Feb 28 15:57:58 UTC 2026","Tests: All users autorization","","",""
"","14127","Поиск заданий с фильтрами","default","Sat Feb 28 16:01:57 UTC 2026","passed","Sat Feb 28 16:02:11 UTC 2026","Tests Indep Student Catalog Tasks","","",""
"","12378","Удаление учителя-Educont в школе Educont","default","Sat Feb 28 16:16:30 UTC 2026","passed","Sat Feb 28 16:16:42 UTC 2026","End tests Educont: Teacher","","",""
"","14154","Поиск заданий","default","Sat Feb 28 16:04:54 UTC 2026","passed","Sat Feb 28 16:05:08 UTC 2026","Tests Teacher Catalog Tasks","","",""
"","12450","Просмотр задания в каталоге","default","Sat Feb 28 16:00:27 UTC 2026","failed","Sat Feb 28 16:00:39 UTC 2026","Tests Parent Catalog Tasks","","",""
"","10748","Категории. Переход из тренажера учителя (авторизованный) в тренажер ученика (не присоединен)","default","Sat Feb 28 16:09:44 UTC 2026","passed","Sat Feb 28 16:09:54 UTC 2026","Tests Category Educonts","","",""
"","12073","Поиск заданий с фильтрами","default","Sat Feb 28 16:04:58 UTC 2026","passed","Sat Feb 28 16:05:10 UTC 2026","Tests Teacher Catalog Tasks","","",""
"","5707","Добавление первого ребёнка","default","Sat Feb 28 15:59:52 UTC 2026","passed","Sat Feb 28 15:59:58 UTC 2026","Tests Parent Cabinet","","",""
"","9342","Суперпользователь: Авторизация по логину и паролю","default","Sat Feb 28 15:58:04 UTC 2026","passed","Sat Feb 28 15:58:13 UTC 2026","Tests: All users autorization","","",""
"","9592","Категория. Войти в категории по ссылке (учитель зарегистрирован на платформе)","default","Sat Feb 28 16:09:16 UTC 2026","passed","Sat Feb 28 16:09:26 UTC 2026","Tests Category Educonts","","",""
"","10672","Курс. Решить неверно задание с типом Вопрос (ученик не присоединен к классу)","default","Sat Feb 28 16:10:38 UTC 2026","passed","Sat Feb 28 16:10:49 UTC 2026","Tests Course Educonts- student","","",""
"","6856","Задание. Использовать подсказку(ученик не присоединен по коду)","default","Sat Feb 28 16:13:49 UTC 2026","passed","Sat Feb 28 16:13:56 UTC 2026","Tests Tasks Educonts- student","","",""
"","16077","Использование подсказок в задании (раннер)","default","Sat Feb 28 16:03:20 UTC 2026","passed","Sat Feb 28 16:03:36 UTC 2026","Tests Student(parent) Catalog Tasks","","",""
"","1","Родитель: Авторизация по ссылке","default","Sat Feb 28 15:58:15 UTC 2026","skipped","Sat Feb 28 15:58:15 UTC 2026","Tests: Landing autorization","","",""
"","6006","Открытие раздела курса: 1 класс. Русский язык (систематический курс)","default","Sat Feb 28 16:05:42 UTC 2026","passed","Sat Feb 28 16:05:48 UTC 2026","Tests Tasks Educonts","","",""
"","18471","Удаление из класса ученика, который ввел код приглашения","default","Sat Feb 28 16:04:23 UTC 2026","passed","Sat Feb 28 16:04:41 UTC 2026","Tests Teacher Cabinet","","",""
"","13886","Курс. Онбординг-учитель не авторизован. Демо","default","Sat Feb 28 16:08:39 UTC 2026","passed","Sat Feb 28 16:08:52 UTC 2026","Tests Course Educonts","","",""
"","5412","Добавление ученика в заполненный класс","default","Sat Feb 28 16:03:58 UTC 2026","passed","Sat Feb 28 16:04:04 UTC 2026","Tests Teacher Cabinet","","",""
"","25647","Учитель: Регистрация по email и коду","default","Sat Feb 28 15:56:40 UTC 2026","passed","Sat Feb 28 15:57:06 UTC 2026","Tests: All users register","","",""
"","28213","Самостоятельный ученик: Регистрация по email и коду","default","Sat Feb 28 15:57:10 UTC 2026","passed","Sat Feb 28 15:57:39 UTC 2026","Tests: All users register","","",""
"","24611","Покупка заданий со счёта кошелька","default","Sat Feb 28 16:01:40 UTC 2026","failed","Sat Feb 28 16:02:05 UTC 2026","Tests Parent Shop Page","","",""
"","17325","Создание задания родителем","default","Sat Feb 28 16:00:08 UTC 2026","passed","Sat Feb 28 16:00:25 UTC 2026","Tests Parent Cabinet","","",""
"","50109","Родитель: Авторизация по email и паролю","default","Sat Feb 28 15:58:10 UTC 2026","broken","Sat Feb 28 15:59:00 UTC 2026","Tests: Landing autorization","","",""
"","16298","Создание домашней работы для всего класса","default","Sat Feb 28 16:05:10 UTC 2026","passed","Sat Feb 28 16:05:26 UTC 2026","Tests Teacher Catalog Tasks","","",""
"","11324","Курс. Задачи-Демолинк","default","Sat Feb 28 16:08:33 UTC 2026","passed","Sat Feb 28 16:08:45 UTC 2026","Tests Course Educonts","","",""
"","50110","Самостоятельный ученик: Авторизация по email и паролю","default","Sat Feb 28 15:59:04 UTC 2026","broken","Sat Feb 28 15:59:55 UTC 2026","Tests: Landing autorization","","",""
"","20246","Поиск заданий","default","Sat Feb 28 16:02:59 UTC 2026","passed","Sat Feb 28 16:03:19 UTC 2026","Tests Student(parent) Catalog Tasks","","",""
"","9555","Курс. Решение задания с типом Вопрос (код от учителя не введен)","default","Sat Feb 28 16:10:28 UTC 2026","passed","Sat Feb 28 16:10:38 UTC 2026","Tests Course Educonts- student","","",""
"","8316","Редактирование класса","default","Sat Feb 28 16:04:14 UTC 2026","passed","Sat Feb 28 16:04:23 UTC 2026","Tests Teacher Cabinet","","",""
"","10951","Категории. Переход из тренажера учителя (не авторизованный) в тренажер ученика (не присоединен)","default","Sat Feb 28 16:10:07 UTC 2026","passed","Sat Feb 28 16:10:18 UTC 2026","Tests Category Educonts","","",""
"","4872","Открытие раздела курса: 9 класс. Вероятность и статистика","default","Sat Feb 28 16:05:44 UTC 2026","passed","Sat Feb 28 16:05:49 UTC 2026","Tests Tasks Educonts","","",""
"","17398","Покупка заданий по карте","default","Sat Feb 28 16:00:40 UTC 2026","passed","Sat Feb 28 16:00:57 UTC 2026","Tests Parent Catalog Tasks","","",""
"","15268","Категории. Пройти опрос (ученик не присоединен к классу)","default","Sat Feb 28 16:15:37 UTC 2026","passed","Sat Feb 28 16:15:53 UTC 2026","Tests Category Educonts- student","","",""
"","7860","Редактирование ученика/учеников в классе","default","Sat Feb 28 16:04:36 UTC 2026","passed","Sat Feb 28 16:04:44 UTC 2026","Tests Teacher Cabinet","","",""
"","13343","Курс. Онбординг-учитель авторизован. Демо","default","Sat Feb 28 16:08:45 UTC 2026","passed","Sat Feb 28 16:08:58 UTC 2026","Tests Course Educonts","","",""
"","18188","Открытие раннера из предмета","default","Sat Feb 28 16:03:08 UTC 2026","passed","Sat Feb 28 16:03:26 UTC 2026","Tests Student(parent) Catalog Tasks","","",""
"","6086","Задание. Узнать информацию об уроке(ученик не присоединен по коду)","default","Sat Feb 28 16:13:06 UTC 2026","passed","Sat Feb 28 16:13:12 UTC 2026","Tests Tasks Educonts- student","","",""
"","50318","Задания. Переход из тренажера ученика (присоединен) в тренажер учителя (авторизован)","default","Sat Feb 28 16:14:28 UTC 2026","broken","Sat Feb 28 16:15:18 UTC 2026","Tests Tasks Educonts- student","","",""
"","7015","Создание класса в ""Управление классами""","default","Sat Feb 28 16:03:51 UTC 2026","passed","Sat Feb 28 16:03:58 UTC 2026","Tests Teacher Cabinet","","",""
"","7436","Курсы. Переход из тренажера ученика (не присоединен) в тренажер учителя (авторизован)","default","Sat Feb 28 16:12:16 UTC 2026","passed","Sat Feb 28 16:12:24 UTC 2026","Tests Course Educonts- student","","",""
"","19937","Создание проверочной работы для всего класса","default","Sat Feb 28 16:05:17 UTC 2026","passed","Sat Feb 28 16:05:37 UTC 2026","Tests Teacher Catalog Tasks","","",""
"","10045","Категории. Показать подсказку (ученик не присоединен к классу)","default","Sat Feb 28 16:15:29 UTC 2026","passed","Sat Feb 28 16:15:39 UTC 2026","Tests Category Educonts- student","","",""
"","6803","Задание: Информация об уроке, не авторизованным пользователем","default","Sat Feb 28 16:06:28 UTC 2026","passed","Sat Feb 28 16:06:35 UTC 2026","Tests Tasks Educonts","","",""
"","22983","Курс. Решить неверно задание с типом Задача (ученик не присоединен к классу)","default","Sat Feb 28 16:10:42 UTC 2026","passed","Sat Feb 28 16:11:05 UTC 2026","Tests Course Educonts- student","","",""
"","16219","Удаление из класса ученика, который не ввел код приглашения","default","Sat Feb 28 16:04:20 UTC 2026","passed","Sat Feb 28 16:04:36 UTC 2026","Tests Teacher Cabinet","","",""
"","50202","Категория. Новый учитель. Авторизоваться по данным эдуконт(логин/пароль)","default","Sat Feb 28 16:09:21 UTC 2026","broken","Sat Feb 28 16:10:11 UTC 2026","Tests Category Educonts","","",""
"","10452","Курс. Решение задания с типом Теория (код от учителя не введен)","default","Sat Feb 28 16:10:18 UTC 2026","passed","Sat Feb 28 16:10:28 UTC 2026","Tests Course Educonts- student","","",""
"","20224","Поиск заданий с фильтрами","default","Sat Feb 28 16:03:03 UTC 2026","passed","Sat Feb 28 16:03:23 UTC 2026","Tests Student(parent) Catalog Tasks","","",""
"","11923","Использование подсказок в задании (раннер)","default","Sat Feb 28 16:02:05 UTC 2026","passed","Sat Feb 28 16:02:17 UTC 2026","Tests Indep Student Catalog Tasks","","",""
"","13267","Курсы. Переход из тренажера учителя (не авторизованный) в тренажер ученика (присоединен)","default","Sat Feb 28 16:09:01 UTC 2026","failed","Sat Feb 28 16:09:15 UTC 2026","Tests Course Educonts","","",""
"","8538","Задание. Использовать черновик (ученик присоединен по коду)","default","Sat Feb 28 16:13:24 UTC 2026","passed","Sat Feb 28 16:13:33 UTC 2026","Tests Tasks Educonts- student","","",""
"","50175","Переход по разделам Хедера","default","Sat Feb 28 16:03:26 UTC 2026","broken","Sat Feb 28 16:04:16 UTC 2026","Tests Student(parent) Catalog Tasks","","",""
"","12874","Открытие раннера из предмета","default","Sat Feb 28 16:05:04 UTC 2026","passed","Sat Feb 28 16:05:17 UTC 2026","Tests Teacher Catalog Tasks","","",""
"","5976","Задание. Учитель ранее авторизованный и в школе","default","Sat Feb 28 16:06:35 UTC 2026","passed","Sat Feb 28 16:06:41 UTC 2026","Tests Tasks Educonts","","",""
"","9812","Категория. Сохранение авторизации при удалении токенов из Cookie","default","Sat Feb 28 16:09:34 UTC 2026","passed","Sat Feb 28 16:09:44 UTC 2026","Tests Category Educonts","","",""
"","16160","Подготовка аккаунтов Родителей к тестам","default","Sat Feb 28 15:56:24 UTC 2026","passed","Sat Feb 28 15:56:40 UTC 2026","Preparations","","",""
"","9499","Задание. Сообщить об ошибке (ученик не присоединен по коду)","default","Sat Feb 28 16:13:27 UTC 2026","passed","Sat Feb 28 16:13:36 UTC 2026","Tests Tasks Educonts- student","","",""
"","50215","Курс. Войти в тренажер по ссылке (ученик присоединен к классу)","default","Sat Feb 28 16:10:57 UTC 2026","broken","Sat Feb 28 16:11:47 UTC 2026","Tests Course Educonts- student","","",""
"","10254","Курс. Решение задания с типом Теория (введен код от учителя)","default","Sat Feb 28 16:11:05 UTC 2026","failed","Sat Feb 28 16:11:16 UTC 2026","Tests Course Educonts- student","","",""
"","50118","Родитель: Авторизация по логину и паролю","default","Sat Feb 28 15:58:13 UTC 2026","broken","Sat Feb 28 15:59:04 UTC 2026","Tests: Landing autorization","","",""
"","15457","Задание. Смена задания не авторизованным учителем","default","Sat Feb 28 16:06:54 UTC 2026","passed","Sat Feb 28 16:07:09 UTC 2026","Tests Tasks Educonts","","",""
"","50099","Учитель: Авторизация по email и паролю","default","Sat Feb 28 15:58:15 UTC 2026","broken","Sat Feb 28 15:59:06 UTC 2026","Tests: Landing autorization","","",""
"","9065","Пополнение кошелька","default","Sat Feb 28 16:00:10 UTC 2026","passed","Sat Feb 28 16:00:19 UTC 2026","Tests Parent Cabinet","","",""
"","50446","Показать ответ при выполнении задания","default","Sat Feb 28 16:02:11 UTC 2026","broken","Sat Feb 28 16:03:02 UTC 2026","Tests Indep Student Catalog Tasks","","",""
"","0","Учитель: Авторизация по email и коду с почты","default","Sat Feb 28 15:59:04 UTC 2026","skipped","Sat Feb 28 15:59:04 UTC 2026","Tests: Landing autorization","","",""
"","50160","Курс. Сохранение авторизации при удалении токенов из Cookie","default","Sat Feb 28 16:11:52 UTC 2026","broken","Sat Feb 28 16:12:43 UTC 2026","Tests Course Educonts- student","","",""
"","50278","Категория. Старый учитель. Авторизоваться по данным эдуконт(логин/пароль)","default","Sat Feb 28 16:09:16 UTC 2026","broken","Sat Feb 28 16:10:06 UTC 2026","Tests Category Educonts","","",""
"","50236","Курс. Старый учитель. Авторизоваться по почте и паролю. Демо","default","Sat Feb 28 16:07:38 UTC 2026","broken","Sat Feb 28 16:08:29 UTC 2026","Tests Course Educonts","","",""
"","8415","Курс. Вопросы-Демолинк","default","Sat Feb 28 16:08:30 UTC 2026","passed","Sat Feb 28 16:08:38 UTC 2026","Tests Course Educonts","","",""
"","23443","Покупка Предмета со счёта кошелька","default","Sat Feb 28 16:01:26 UTC 2026","failed","Sat Feb 28 16:01:50 UTC 2026","Tests Parent Shop Page","","",""
"","11873","Покупка Предмета по карте","default","Sat Feb 28 16:02:31 UTC 2026","failed","Sat Feb 28 16:02:43 UTC 2026","Tests Indep Student Shop Page","","",""
"","12191","Курс. Решение задания с типом Задача (введен код от учителя)","default","Sat Feb 28 16:11:15 UTC 2026","failed","Sat Feb 28 16:11:27 UTC 2026","Tests Course Educonts- student","","",""
"","50208","Категории. Войти в тренажер по ссылке (ученик не присоединен к классу)","default","Sat Feb 28 16:14:28 UTC 2026","broken","Sat Feb 28 16:15:18 UTC 2026","Tests Category Educonts- student","","",""
"","16976","Выбор фильтров","default","Sat Feb 28 16:02:50 UTC 2026","passed","Sat Feb 28 16:03:07 UTC 2026","Tests Student(parent) Catalog Tasks","","",""
"","12574","Покупка годового пакета по карте","default","Sat Feb 28 16:01:14 UTC 2026","failed","Sat Feb 28 16:01:26 UTC 2026","Tests Parent Shop Page","","",""
"","9771","Курс. Решение задания с типом Вопрос (введен код от учителя)","default","Sat Feb 28 16:11:05 UTC 2026","passed","Sat Feb 28 16:11:15 UTC 2026","Tests Course Educonts- student","","",""
"","6660","Открытие темы курса: 1 класс. Русский язык (систематический курс)","default","Sat Feb 28 16:05:48 UTC 2026","passed","Sat Feb 28 16:05:54 UTC 2026","Tests Tasks Educonts","","",""
"","11818","Добавление ученика в класс при создании задания","default","Sat Feb 28 16:04:17 UTC 2026","passed","Sat Feb 28 16:04:29 UTC 2026","Tests Teacher Cabinet","","",""
"","50348","Курс. Ввести код от учителя (вход по ссылке)","default","Sat Feb 28 16:10:14 UTC 2026","broken","Sat Feb 28 16:11:04 UTC 2026","Tests Course Educonts- student","","",""
"","7168","Добавление учеников в класс страница ""Школы""","default","Sat Feb 28 16:05:34 UTC 2026","passed","Sat Feb 28 16:05:42 UTC 2026","Tests Tasks Educonts","","",""
"","50201","Задания. Переход из тренажера ученика (присоединен) в тренажер учителя (не авторизован)","default","Sat Feb 28 16:14:12 UTC 2026","broken","Sat Feb 28 16:15:02 UTC 2026","Tests Tasks Educonts- student","","",""
